{"count":1,"gauges":{},"self":98.542847999999992,"total":98.616454699999991,"children":{"AgentSendState":{"count":5888,"self":0.039691399999999995,"total":0.039691399999999995,"children":null},"DecideAction":{"count":5888,"self":0.011166899999999999,"total":0.011166899999999999,"children":null},"AgentAct":{"count":5888,"self":0.021734,"total":0.021734,"children":null}}}